Accuracy,Precision,Macro Precision,Weighted Macro Precision,Recall,Macro Recall,Weighted Macro Recall,F1-Score,Macro F1-Score,Weighted Macro F1-Score,MCC,Loss
0.6970461629805551,0.7448040885860306,0.702491470910585,0.7038669293150562,0.6285221391604371,0.6993485197182977,0.6970461629805551,0.6817402151878996,0.6963438365275286,0.6958691158694643,0.40182769930210566,0.6985084227781931
