Accuracy,Precision,Macro Precision,Weighted Macro Precision,Recall,Macro Recall,Weighted Macro Recall,F1-Score,Macro F1-Score,Weighted Macro F1-Score,MCC
0.6670624907228737,0.6382359525408552,0.681012249398181,0.6796217181510747,0.8197239792984474,0.6619331771300461,0.6670624907228737,0.717684078036501,0.6560024658585472,0.6580075531476924,0.34241430253132643
