Accuracy,Precision,Macro Precision,Weighted Macro Precision,Recall,Macro Recall,Weighted Macro Recall,F1-Score,Macro F1-Score,Weighted Macro F1-Score,MCC
0.5447528573549058,0.7065326633165829,0.6116257882936103,0.6147109308837885,0.20212765957446807,0.5562648116835213,0.5447528573549058,0.31433042700648334,0.48679525460978545,0.481188931729405,0.15850052312045645
