Accuracy,Precision,Macro Precision,Weighted Macro Precision,Recall,Macro Recall,Weighted Macro Recall,F1-Score,Macro F1-Score,Weighted Macro F1-Score,MCC
0.6755232299242987,0.6599009900990099,0.6794128606409029,0.6787785872775847,0.7665324899367453,0.6724653858091214,0.6755232299242987,0.7092311785049215,0.6711031648065239,0.6723425940777052,0.35180965438459144
