Accuracy,Precision,Macro Precision,Weighted Macro Precision,Recall,Macro Recall,Weighted Macro Recall,F1-Score,Macro F1-Score,Weighted Macro F1-Score,MCC
0.6571174113106724,0.6150965707528577,0.7002121458695136,0.6974452895609864,0.8973548016101207,0.6490456119127621,0.6571174113106724,0.729887745556595,0.6302831657486347,0.6335210168660376,0.34548946029358896
