Accuracy,Precision,Macro Precision,Weighted Macro Precision,Recall,Macro Recall,Weighted Macro Recall,F1-Score,Macro F1-Score,Weighted Macro F1-Score,MCC,Loss
0.8389490871307703,0.842150414641121,0.8388221209008073,0.8389303139138887,0.8467510063254744,0.838686948391335,0.8389490871307703,0.8444444444444443,0.8387478415482723,0.8389330213069573,0.6775090558077417,5.80486328145942
