Accuracy,Precision,Macro Precision,Weighted Macro Precision,Recall,Macro Recall,Weighted Macro Recall,F1-Score,Macro F1-Score,Weighted Macro F1-Score,MCC
0.8364257087724506,0.8274531422271224,0.837174625150229,0.8368586084127848,0.863139735480161,0.8355281371478742,0.8364257087724506,0.8449197860962566,0.8359335111385806,0.836225628433479,0.6727007473466612
