Accuracy,Precision,Macro Precision,Weighted Macro Precision,Recall,Macro Recall,Weighted Macro Recall,F1-Score,Macro F1-Score,Weighted Macro F1-Score,MCC,Loss
0.8336054623719756,0.8179120582681414,0.8353586693980971,0.8347915315270179,0.8717653824036803,0.8323233171607232,0.8336054623719756,0.8439805149617258,0.8328663904113764,0.8332276778206873,0.6676750870085897,5.997467040106922
