Accuracy,Precision,Macro Precision,Weighted Macro Precision,Recall,Macro Recall,Weighted Macro Recall,F1-Score,Macro F1-Score,Weighted Macro F1-Score,MCC,Loss
0.873682648062936,0.9015591562213391,0.8744668256582748,0.8753475174191938,0.8479010925819437,0.8745488893409872,0.873682648062936,0.8739072455178545,0.8736822472942432,0.8736895613228866,0.7490157105037302,1.8493164187693427
